{"Number of Params": 528049, "Train Loss": 4.502793672145344e-05, "Test Loss": 0.0004859258765078513, "_timestamp": 1674172827, "_runtime": 8191, "_step": 499, "_wandb": {"runtime": 8192}}